Est-il Colerique,Est-il  Sous_terrain,A t il une armure de combat,Est-il Blase,Est-il Vegetal,Est-il Transparent,Est-ce un Canard,Est-il Charmeur,A t il  des yeux facettes,Est-il Humide,Est-ce un Champignon,Est-il Medium,Est-il Argnieux,A t il des pinces,Est-il une Etoile,Est-il Egoiste,Est-il Insomniaque,A t il la competence Vol / Levitation,Est-il Lent,Est-il Legendaire,A t il une Carapace,Est-il Muet,Est-ce une femelle seulement,Est-ce un male seulement,Est-il de type Herbe,Est-il de type Feu,Est-il de type Eau,Est-il de type Insecte,Est-il de type Normal,Est-il de type Poison,Est-il de type Electrique,Est-il de type Sol,Est-il de type Combat,Est-il de type Roche,Est-il de type Spectre,Est-il de type Psy,Est-il de type glace,Est-il de type Dragon,Peut-il voler,Petit,Est-il grand,Est-il Leger,Est-il lourd,Est-il Vert,Est-il Rouge,Est-il Bleu,Est-il Blanc ,Est-il Marron,Est-il Jaune,Est-il Violet,Est-il Rose,Est-il gris,Est-il dans lesChamps,Est-il dans les Montagnes,Est-il dans lesMarecages,Est-il dans la Foret,Est-il dans un Milieu hostile,Est-il dans une Grotte,Est-il Urbain,Est-il dans la Mer,Est-il rare,Est-il a 4 pattes,Est-il a 2 pattes,A t il des pattes,Est-il sur Terre,A t il deja evoluer,Peut il evoluer,class
no,no,no,no,no,no,no,no,no,no,no,no,no,no,no,no,no,no,no,no,no,no,no,no,yes,no,no,no,no,yes,no,no,no,no,no,no,no,no,no,yes,no,yes,no,yes,no,no,no,no,no,no,no,no,yes,no,no,no,no,no,no,no,no,yes,no,no,yes,no,yes,Bulbizarre
no,no,no,no,no,no,no,no,no,no,no,no,no,no,no,no,no,no,no,no,no,no,no,no,yes,no,no,no,no,yes,no,no,no,no,no,no,no,no,no,yes,no,yes,no,yes,no,no,no,no,no,no,no,no,yes,no,no,no,no,no,no,no,no,yes,no,no,yes,yes,yes,Herbizarre
no,no,no,no,no,no,no,no,no,no,no,no,no,no,no,no,no,no,no,no,no,no,no,no,yes,no,no,no,no,yes,no,no,no,no,no,no,no,no,no,yes,no,yes,no,yes,no,no,no,no,no,no,no,no,yes,no,no,no,no,no,no,no,no,yes,no,no,yes,yes,no,Florizarre
no,no,no,yes,no,no,no,no,no,no,no,no,no,no,no,no,no,no,no,no,no,no,no,no,no,yes,no,no,no,no,no,no,no,no,no,no,no,no,no,yes,no,yes,no,no,yes,no,no,no,no,no,no,no,no,yes,no,no,no,no,no,no,no,yes,no,no,yes,no,yes,Salameche
no,no,no,yes,no,no,no,no,no,no,no,no,no,no,no,no,no,no,no,no,no,no,no,no,no,yes,no,no,no,no,no,no,no,no,no,no,no,no,no,yes,no,yes,no,no,yes,no,no,no,no,no,no,no,no,yes,no,no,no,no,no,no,no,yes,no,no,yes,yes,yes,Reptincel
no,no,no,yes,no,no,no,no,no,no,no,no,no,no,no,no,no,yes,no,no,no,no,no,no,no,yes,no,no,no,no,no,no,no,no,no,no,no,no,yes,yes,no,yes,no,no,yes,no,no,no,no,no,no,no,no,yes,no,no,no,no,no,no,no,yes,no,no,yes,yes,no,Dracaufeu
no,no,no,no,no,no,no,no,no,no,no,no,no,no,no,no,no,no,no,no,no,no,no,no,no,no,no,no,no,no,no,no,no,no,no,no,no,no,no,yes,no,yes,no,no,no,yes,no,no,no,no,no,no,no,no,yes,no,no,no,no,no,no,yes,no,no,yes,no,yes,Carapuce
no,no,no,no,no,no,no,no,no,no,no,no,no,no,no,no,no,no,no,no,no,no,no,no,no,no,yes,no,no,no,no,no,no,no,no,no,no,no,no,yes,no,yes,no,no,no,yes,no,no,no,no,no,no,no,no,yes,no,no,no,no,no,no,yes,no,no,yes,yes,yes,Carabaffe
no,no,no,no,no,no,no,no,no,no,no,no,no,no,no,no,no,no,no,no,no,no,no,no,no,no,yes,no,no,no,no,no,no,no,no,no,no,no,no,yes,no,yes,no,no,no,yes,no,no,no,no,no,no,no,no,yes,no,no,no,no,no,no,yes,no,no,yes,yes,no,Tortank
no,no,no,no,no,no,no,no,no,no,no,no,no,no,no,no,no,no,no,no,no,no,no,no,no,no,no,yes,no,no,no,no,no,no,no,no,no,no,no,yes,no,yes,no,yes,no,no,no,no,no,no,no,no,no,no,no,yes,no,no,no,no,no,no,no,yes,yes,no,yes,Chenipan
no,no,no,no,no,no,no,no,no,no,no,no,no,no,no,no,no,no,no,no,no,yes,no,no,no,no,no,yes,no,no,no,no,no,no,no,no,no,no,no,yes,no,yes,no,yes,no,no,no,no,no,no,no,no,no,no,no,yes,no,no,no,no,no,no,no,yes,yes,yes,yes,Chrysacier
no,no,no,no,no,no,no,no,yes,no,no,no,no,no,no,no,no,yes,no,no,no,no,no,no,no,no,no,yes,no,no,no,no,no,no,no,no,no,no,yes,yes,no,yes,no,no,no,no,yes,no,no,no,no,no,no,no,no,yes,no,no,no,no,no,no,yes,no,yes,yes,no,Papilusion
no,no,no,no,no,no,no,no,no,no,no,no,no,no,no,no,no,no,no,no,no,no,no,no,no,no,no,yes,no,yes,no,no,no,no,no,no,no,no,no,yes,no,yes,no,no,no,no,no,yes,no,no,no,no,no,no,no,yes,no,no,no,no,no,no,no,yes,yes,no,yes,Aspicot
no,no,no,no,no,no,no,no,no,no,no,no,no,no,no,no,no,no,no,no,no,yes,no,no,no,no,no,yes,no,yes,no,no,no,no,no,no,no,no,no,yes,no,yes,no,no,no,no,no,no,yes,no,no,no,no,no,no,yes,no,no,no,no,no,no,no,yes,yes,yes,yes,Coconfort
no,no,no,no,no,no,no,no,no,no,no,no,no,no,no,no,no,no,no,no,no,no,no,no,no,no,no,yes,no,yes,no,no,no,no,no,no,no,no,no,yes,no,yes,no,no,no,no,no,no,yes,no,no,no,no,no,no,yes,no,no,no,no,no,no,yes,no,yes,yes,no,Dardargnan
no,no,no,no,no,no,no,no,no,no,no,no,no,no,no,no,no,yes,no,no,no,no,no,no,no,no,no,no,yes,no,no,no,no,no,no,no,no,no,yes,yes,no,yes,no,no,no,no,no,yes,no,no,no,no,no,no,no,yes,no,no,no,no,no,no,yes,no,yes,no,yes,Roucool
no,no,no,no,no,no,no,no,no,no,no,no,no,no,no,no,no,yes,no,no,no,no,no,no,no,no,no,no,yes,no,no,no,no,no,no,no,no,no,yes,yes,no,yes,no,no,no,no,no,yes,no,no,no,no,no,no,no,yes,no,no,no,no,no,no,yes,no,yes,yes,yes,Roucoups
no,no,no,no,no,no,no,no,no,no,no,no,no,no,no,no,no,yes,no,no,no,no,no,no,no,no,no,no,yes,no,no,no,no,no,no,no,no,no,yes,yes,no,yes,no,no,no,no,no,yes,no,no,no,no,no,no,no,yes,no,no,no,no,no,no,yes,no,yes,yes,no,Roucarnage
no,no,no,no,no,no,no,no,no,no,no,no,yes,no,no,no,no,no,no,no,no,no,no,no,no,no,no,no,yes,no,no,no,no,no,no,no,no,no,no,yes,no,yes,no,no,no,no,no,no,no,yes,no,no,yes,no,no,no,no,no,no,no,no,yes,no,no,yes,no,yes,Rattata
no,no,no,no,no,no,no,no,no,no,no,no,yes,no,no,no,no,no,no,no,no,no,no,no,no,no,no,no,yes,no,no,no,no,no,no,no,no,no,no,yes,no,yes,no,no,no,no,no,yes,no,no,no,no,yes,no,no,no,no,no,no,no,no,yes,no,no,yes,yes,no,Rattatac
no,no,no,no,no,no,no,no,no,no,no,no,no,no,no,no,no,yes,no,no,no,no,no,no,no,no,no,no,yes,no,no,no,no,no,no,no,no,no,yes,yes,no,yes,no,no,no,no,no,yes,no,no,no,no,no,no,no,no,yes,no,no,no,no,no,yes,no,yes,no,yes,Piafabec
no,no,no,no,no,no,no,no,no,no,no,no,no,no,no,no,no,yes,no,no,no,no,no,no,no,no,no,no,yes,no,no,no,no,no,no,no,no,no,yes,yes,no,yes,no,no,no,no,no,yes,no,no,no,no,no,no,no,no,yes,no,no,no,no,no,yes,no,yes,yes,no,Rapasdepic
no,no,no,no,no,no,no,no,no,no,no,no,no,no,no,no,no,no,no,no,no,yes,no,no,no,no,no,no,no,yes,no,no,no,no,no,no,no,no,no,yes,no,yes,no,no,no,no,no,no,no,yes,no,no,yes,no,no,no,no,no,no,no,no,no,no,yes,yes,no,yes,Abo
no,no,no,no,no,no,no,no,no,no,no,no,no,no,no,no,no,no,no,no,no,yes,no,no,no,no,no,no,no,yes,no,no,no,no,no,no,no,no,no,yes,no,yes,no,no,no,no,no,no,no,no,no,no,yes,no,no,no,no,no,no,no,no,no,no,yes,yes,yes,no,Arbok
no,no,no,no,no,no,no,no,no,no,no,no,no,no,no,no,no,no,no,no,no,no,no,no,no,no,no,no,no,no,yes,no,no,no,no,no,no,no,no,yes,no,yes,no,no,no,no,no,no,yes,no,no,no,no,no,no,yes,no,no,no,no,no,yes,no,no,yes,no,yes,Pikachu
no,no,no,no,no,no,no,no,no,no,no,no,no,no,no,no,no,no,no,no,no,no,no,no,no,no,no,no,no,no,yes,no,no,no,no,no,no,no,no,yes,no,yes,no,no,no,no,no,no,yes,no,no,no,no,no,no,yes,no,no,no,no,no,yes,no,no,yes,yes,no,Raichu
no,no,no,no,no,no,no,no,no,no,no,no,no,no,no,no,no,no,no,no,no,no,no,no,no,no,no,no,no,no,no,no,no,no,no,no,no,no,no,yes,no,yes,no,no,no,no,no,no,yes,no,no,no,no,no,no,no,yes,no,no,no,no,yes,no,no,yes,no,yes,Sabelette
no,no,no,no,no,no,no,no,no,no,no,no,no,no,no,no,no,no,no,no,no,no,no,no,no,no,no,no,no,no,no,no,no,no,no,no,no,no,no,yes,no,yes,no,no,no,no,no,no,yes,no,no,no,no,no,no,no,yes,no,no,no,no,yes,no,no,yes,yes,no,Sablaireau
no,no,no,no,no,no,no,no,no,no,no,no,no,no,no,no,no,no,no,no,no,no,no,no,no,no,no,no,no,yes,no,no,no,no,no,no,no,no,no,yes,no,yes,no,no,no,yes,no,no,no,no,no,no,yes,no,no,no,no,no,no,no,no,yes,no,no,yes,no,yes,Nidoran
no,no,no,no,no,no,no,no,no,no,no,no,no,no,no,no,no,no,no,no,no,no,yes,no,no,no,no,no,no,yes,no,no,no,no,no,no,no,no,no,yes,no,yes,no,no,no,yes,no,no,no,no,no,no,yes,no,no,no,no,no,no,no,no,yes,no,no,yes,yes,yes,Nidorina
no,no,no,no,no,no,no,no,no,no,no,no,no,no,no,no,no,no,no,no,no,no,yes,no,no,no,no,no,no,yes,no,yes,no,no,no,no,no,no,no,yes,no,yes,no,no,no,yes,no,no,no,no,no,no,yes,no,no,no,no,no,no,no,no,yes,no,no,yes,yes,no,Nidoqueen
no,no,no,no,no,no,no,no,no,no,no,no,no,no,no,no,no,no,no,no,no,no,no,no,no,no,no,no,no,yes,no,no,no,no,no,no,no,no,no,yes,no,yes,no,no,no,no,no,no,no,yes,no,no,yes,no,no,no,no,no,no,no,no,yes,no,no,yes,no,yes,Nidoran
no,no,no,no,no,no,no,no,no,no,no,no,no,no,no,no,no,no,no,no,no,no,no,yes,no,no,no,no,no,yes,no,no,no,no,no,no,no,no,no,yes,no,yes,no,no,no,no,no,no,no,yes,no,no,yes,no,no,no,no,no,no,no,no,yes,no,no,yes,yes,yes,Nidorino
no,no,no,no,no,no,no,no,no,no,no,no,no,no,no,no,no,no,no,no,no,no,no,yes,no,no,no,no,no,yes,no,yes,no,no,no,no,no,no,no,yes,no,yes,no,no,no,no,no,no,no,yes,no,no,yes,no,no,no,no,no,no,no,no,yes,no,no,yes,yes,no,Nidoking
no,no,no,no,no,no,no,yes,no,no,no,no,no,no,no,no,no,no,no,no,no,no,no,no,no,no,no,no,yes,no,no,no,no,no,no,no,no,no,no,yes,no,yes,no,no,no,no,no,no,no,no,yes,no,no,yes,no,no,no,no,no,no,no,yes,no,no,yes,no,yes,Melofee
no,no,no,no,no,no,no,yes,no,no,no,no,no,no,no,no,no,no,no,no,no,no,no,no,no,no,no,no,yes,no,no,no,no,no,no,no,no,no,no,yes,no,yes,no,no,no,no,no,no,no,no,yes,no,no,yes,no,no,no,no,no,no,no,yes,no,no,yes,yes,no,Melodelfe
no,no,no,no,no,no,no,no,no,no,no,no,no,no,no,no,no,no,no,no,no,no,no,no,no,yes,no,no,no,no,no,no,no,no,no,no,no,no,no,yes,no,yes,no,no,no,no,no,yes,no,no,no,no,yes,no,no,no,no,no,no,no,no,yes,no,no,yes,no,yes,Goupix
no,no,no,no,no,no,no,no,no,no,no,no,no,no,no,no,no,no,no,no,no,no,no,no,no,yes,no,no,no,no,no,no,no,no,no,no,no,no,no,yes,no,yes,no,no,no,no,no,no,yes,no,no,no,yes,no,no,no,no,no,no,no,no,yes,no,no,yes,yes,no,Feunard
no,no,no,no,no,no,no,yes,no,no,no,no,no,no,no,no,no,no,no,no,no,no,no,no,no,no,no,no,yes,no,no,no,no,no,no,no,no,no,no,yes,no,yes,no,no,no,no,no,no,no,no,yes,no,yes,no,no,no,no,no,no,no,no,yes,no,no,yes,no,yes,Rondoudou
no,no,no,no,no,no,no,yes,no,no,no,no,no,no,no,no,no,no,no,no,no,no,no,no,no,no,no,no,yes,no,no,no,no,no,no,no,no,no,no,yes,no,yes,no,no,no,no,no,no,no,no,yes,no,yes,no,no,no,no,no,no,no,no,yes,no,no,yes,yes,no,Grodoudou
no,no,no,no,no,no,no,no,no,no,no,no,no,no,no,yes,no,yes,no,no,no,no,no,no,no,no,no,no,no,no,no,yes,no,no,no,no,no,no,yes,yes,no,yes,no,no,no,no,no,no,no,yes,no,no,no,no,no,no,no,yes,no,no,no,no,yes,no,yes,no,yes,Nosferapti
no,no,no,no,no,no,no,no,no,no,no,no,no,no,no,yes,no,yes,no,no,no,no,no,no,no,no,no,no,no,no,no,yes,no,no,no,no,no,no,yes,yes,no,yes,no,no,no,no,no,no,no,yes,no,no,no,no,no,no,no,yes,no,no,no,no,yes,no,yes,yes,no,Nosferalto
no,no,no,no,yes,no,no,no,no,no,no,no,no,no,no,no,no,no,no,no,no,no,no,no,yes,no,no,no,no,yes,no,no,no,no,no,no,no,no,no,yes,no,yes,no,no,no,yes,no,no,no,no,no,no,yes,no,no,no,no,no,no,no,no,no,yes,no,yes,no,yes,Mystherbe
no,no,no,no,yes,no,no,no,no,no,no,no,no,no,no,no,no,no,no,no,no,no,no,no,yes,no,no,no,no,yes,no,no,no,no,no,no,no,no,no,yes,no,yes,no,no,no,yes,no,no,no,no,no,no,yes,no,no,no,no,no,no,no,no,yes,no,no,yes,yes,yes,Ortide
no,no,no,no,yes,no,no,no,no,no,no,no,no,no,no,no,no,no,no,no,no,no,no,no,yes,no,no,no,no,yes,no,no,no,no,no,no,no,no,no,yes,no,yes,no,no,yes,no,no,no,no,no,no,no,yes,no,no,no,no,no,no,no,no,yes,no,no,yes,yes,no,Rafflesia
no,no,no,no,no,no,no,no,no,no,yes,no,no,no,no,no,no,no,no,no,no,no,no,no,yes,no,no,yes,no,no,no,no,no,no,no,no,no,no,no,yes,no,yes,no,no,yes,no,no,no,no,no,no,no,no,no,no,yes,no,no,no,no,no,yes,no,no,yes,no,yes,Paras
no,no,no,no,no,no,no,no,no,no,yes,no,no,no,no,no,no,no,no,no,no,no,no,no,yes,no,no,yes,no,no,no,no,no,no,no,no,no,no,no,yes,no,yes,no,no,yes,no,no,no,no,no,no,no,no,no,no,yes,no,no,no,no,no,yes,no,no,yes,yes,no,Parasect
no,no,no,no,no,no,no,no,yes,no,no,no,no,no,no,no,no,no,no,no,no,no,no,no,no,no,no,yes,no,yes,no,no,no,no,no,no,no,no,no,yes,no,yes,no,no,no,no,no,no,no,yes,no,no,no,no,no,yes,no,no,no,no,no,yes,no,no,yes,no,yes,Mimitoss
no,no,no,no,no,no,no,no,no,no,no,no,no,no,no,no,no,no,no,no,no,no,no,no,no,no,no,yes,no,yes,no,no,no,no,no,no,no,no,no,yes,no,yes,no,no,no,no,no,no,no,yes,no,no,no,no,no,yes,no,no,no,no,no,no,no,yes,yes,yes,no,Aeromite
no,yes,no,no,no,no,no,no,no,no,no,no,no,no,no,no,no,no,no,no,no,no,no,no,no,no,no,no,no,no,no,yes,no,no,no,no,no,no,no,yes,no,yes,no,no,no,no,no,yes,no,no,no,no,no,no,no,no,no,yes,no,no,no,no,no,yes,yes,no,yes,Taupiqueur
no,yes,no,no,no,no,no,no,no,no,no,no,no,no,no,no,no,no,no,no,no,no,no,no,no,no,no,no,no,no,no,yes,no,no,no,no,no,no,no,yes,no,yes,no,no,no,no,no,yes,no,no,no,no,no,no,no,no,no,yes,no,no,no,no,no,yes,yes,yes,no,Triopikeur
no,no,no,no,no,no,no,no,no,no,no,no,no,no,no,no,no,no,no,no,no,no,no,no,no,no,no,no,yes,no,no,no,no,no,no,no,no,no,no,yes,no,yes,no,no,no,no,no,no,yes,no,no,no,no,no,no,no,no,no,yes,no,no,yes,no,no,yes,no,yes,Miaouss
no,no,no,no,no,no,no,no,no,no,no,no,no,no,no,no,no,no,no,no,no,no,no,no,no,no,no,no,yes,no,no,no,no,no,no,no,no,no,no,yes,no,yes,no,no,no,no,no,no,yes,no,no,no,no,no,no,no,no,no,yes,no,no,yes,no,no,yes,yes,no,Persian
no,no,no,no,no,no,yes,no,no,yes,no,no,no,no,no,no,no,no,no,no,no,no,no,no,no,no,yes,no,no,no,no,no,no,no,no,no,no,no,no,yes,no,yes,no,no,no,no,no,no,yes,no,no,no,no,no,yes,no,no,no,no,no,no,yes,no,no,yes,no,yes,Psykokwak
no,no,no,no,no,no,yes,no,no,yes,no,no,no,no,no,no,no,no,no,no,no,no,no,no,no,no,yes,no,no,no,no,no,no,no,no,no,no,no,no,yes,no,yes,no,no,no,yes,no,no,no,no,no,no,no,no,yes,no,no,no,no,no,no,yes,no,no,no,yes,no,Akwakwak
yes,no,no,no,no,no,no,no,no,no,no,no,no,no,no,no,no,no,no,no,no,no,no,no,no,no,no,no,no,no,no,no,yes,no,no,no,no,no,no,yes,no,yes,no,no,no,no,no,yes,no,no,no,no,no,yes,no,no,no,no,no,no,no,yes,no,no,yes,no,yes,Ferosinge
yes,no,no,no,no,no,no,no,no,no,no,no,no,no,no,no,no,no,no,no,no,no,no,no,no,no,no,no,no,no,no,no,yes,no,no,no,no,no,no,yes,no,yes,no,no,no,no,no,yes,no,no,no,no,no,yes,no,no,no,no,no,no,no,yes,no,no,yes,yes,no,Colossinge
no,no,no,no,no,no,no,no,no,no,no,no,no,no,no,no,no,no,no,no,no,no,no,no,no,yes,no,no,no,no,no,no,no,no,no,no,no,no,no,yes,no,yes,no,no,no,no,no,yes,no,no,no,no,yes,no,no,no,no,no,no,no,no,yes,no,no,yes,no,yes,Caninos
no,no,no,no,no,no,no,no,no,no,no,no,no,no,no,no,no,no,no,no,no,no,no,no,no,yes,no,no,no,no,no,no,no,no,no,no,no,no,no,yes,no,no,yes,no,no,no,no,yes,no,no,no,no,yes,no,no,no,no,no,no,no,no,yes,no,no,yes,yes,no,Arcanin
no,no,no,no,no,no,no,no,no,yes,no,no,no,no,no,no,no,no,no,no,no,no,no,no,no,no,yes,no,no,no,no,no,no,no,no,no,no,no,no,yes,no,yes,no,no,no,yes,no,no,no,no,no,no,no,no,yes,no,no,no,no,no,no,no,no,yes,no,no,yes,Ptitard
no,no,no,no,no,no,no,no,no,yes,no,no,no,no,no,no,no,no,no,no,no,no,no,no,no,no,yes,no,no,no,no,no,no,no,no,no,no,no,no,yes,no,yes,no,no,no,yes,no,no,no,no,no,no,no,no,yes,no,no,no,no,no,no,yes,no,no,no,yes,yes,Tetarte
no,no,no,no,no,no,no,no,no,yes,no,no,no,no,no,no,no,no,no,no,no,no,no,no,no,no,yes,no,no,no,no,no,yes,no,no,no,no,no,no,yes,no,yes,no,no,no,yes,no,no,no,no,no,no,no,no,yes,no,no,no,no,no,no,yes,no,no,no,yes,no,Tartard
no,no,no,no,no,no,no,no,no,no,no,no,no,no,no,yes,no,no,no,no,no,no,no,no,no,no,no,no,no,no,no,no,no,no,no,yes,no,no,no,yes,no,yes,no,no,no,no,no,yes,no,no,no,no,no,no,no,no,no,no,yes,no,no,yes,no,no,yes,no,yes,Abra
no,no,no,no,no,no,no,no,no,no,no,no,no,no,no,yes,no,no,no,no,no,no,no,no,no,no,no,no,no,no,no,no,no,no,no,yes,no,no,no,yes,no,yes,no,no,no,no,no,yes,no,no,no,no,no,no,no,no,no,no,yes,no,no,yes,no,no,yes,yes,yes,Kadabra
no,no,no,no,no,no,no,no,no,no,no,no,no,no,no,yes,no,no,no,no,no,no,no,no,no,no,no,no,no,no,no,no,no,no,no,yes,no,no,no,yes,no,yes,no,no,no,no,no,yes,no,no,no,no,no,no,no,no,no,no,yes,no,no,yes,no,no,yes,yes,no,Alakazam
no,no,no,no,no,no,no,no,no,no,no,no,yes,no,no,no,no,no,no,no,no,no,no,no,no,no,no,no,no,no,no,no,yes,no,no,no,no,no,no,yes,no,yes,no,no,no,no,no,no,no,no,no,yes,no,yes,no,no,no,no,no,no,no,yes,no,no,yes,no,yes,Machoc
no,no,no,no,no,no,no,no,no,no,no,no,yes,no,no,no,no,no,no,no,no,no,no,no,no,no,no,no,no,no,no,no,yes,no,no,no,no,no,no,yes,no,yes,no,no,no,no,no,no,no,no,no,yes,no,yes,no,no,no,no,no,no,no,yes,no,no,yes,yes,yes,Machopeur
no,no,no,no,no,no,no,no,no,no,no,no,yes,no,no,no,no,no,no,no,no,no,no,no,no,no,no,no,no,no,no,no,yes,no,no,no,no,no,no,yes,no,no,yes,no,no,no,no,no,no,no,no,yes,no,yes,no,no,no,no,no,no,no,yes,no,no,yes,yes,no,Mackogneur
no,no,no,no,no,no,no,no,no,no,no,no,no,no,no,no,no,no,no,no,no,no,no,no,yes,no,no,no,no,yes,no,no,no,no,no,no,no,no,no,yes,no,yes,no,yes,no,no,no,no,no,no,no,no,no,no,no,yes,no,no,no,no,no,no,yes,no,yes,no,yes,Chetiflor
no,no,no,no,no,no,no,no,no,no,no,no,no,no,no,no,no,no,no,no,no,no,no,no,yes,no,no,no,no,yes,no,no,no,no,no,no,no,no,no,yes,no,yes,no,yes,no,no,no,no,no,no,no,no,no,no,no,yes,no,no,no,no,no,no,no,yes,yes,yes,yes,Boustiflor
no,no,no,no,no,no,no,no,no,no,no,no,no,no,no,no,no,no,no,no,no,no,no,no,yes,no,no,no,no,yes,no,no,no,no,no,no,no,no,no,yes,no,yes,no,no,no,no,no,no,no,no,no,no,no,no,no,yes,no,no,no,no,no,no,no,yes,yes,yes,no,Empiflor
no,no,no,no,no,yes,no,no,no,no,no,no,no,no,no,no,no,no,no,no,no,no,no,no,no,no,yes,no,no,yes,no,no,no,no,no,no,no,no,no,yes,no,yes,no,no,no,yes,no,no,no,no,no,no,no,no,no,no,no,no,no,yes,no,no,no,yes,no,no,yes,Tentacool
no,no,no,no,no,yes,no,no,no,no,no,no,no,no,no,no,no,no,no,no,no,no,no,no,no,no,yes,no,no,yes,no,no,no,no,no,no,no,no,no,yes,no,yes,no,no,no,yes,no,no,no,no,no,no,no,no,no,no,no,no,no,yes,no,no,no,yes,no,yes,no,Tentacruel
no,no,no,no,no,no,no,no,no,no,no,no,no,no,no,no,no,no,no,no,no,no,no,no,no,no,no,no,no,no,no,yes,no,yes,no,no,no,no,no,yes,no,yes,no,no,no,no,no,yes,no,no,no,no,no,yes,no,no,no,no,no,no,no,no,no,yes,yes,no,yes,Racaillou
no,no,no,no,no,no,no,no,no,no,no,no,no,no,no,no,no,no,no,no,no,no,no,no,no,no,no,no,no,no,no,yes,no,yes,no,no,no,no,no,yes,no,no,yes,no,no,no,no,yes,no,no,no,no,no,yes,no,no,no,no,no,no,no,yes,no,no,yes,yes,yes,Gravalanch
no,no,no,no,no,no,no,no,no,no,no,no,no,no,no,no,no,no,no,no,no,no,no,no,no,no,no,no,no,no,no,yes,no,yes,no,no,no,no,no,yes,no,no,yes,no,no,no,no,yes,no,no,no,no,no,yes,no,no,no,no,no,no,no,yes,no,no,yes,yes,no,Grolem
no,no,no,no,no,no,no,no,no,no,no,no,no,no,no,no,no,no,no,no,no,no,no,no,no,yes,no,no,no,no,no,no,no,no,no,no,no,no,no,yes,no,yes,no,no,no,no,no,no,yes,no,no,no,yes,no,no,no,no,no,no,no,no,yes,no,no,yes,no,yes,Ponyta
no,no,no,no,no,no,no,no,no,no,no,no,no,no,no,no,no,no,no,no,no,no,no,no,no,yes,no,no,no,no,no,no,no,no,no,no,no,no,no,yes,no,yes,no,no,no,no,no,no,yes,no,no,no,yes,no,no,no,no,no,no,no,no,yes,no,no,yes,yes,no,Galopa
no,no,no,no,no,no,no,no,no,no,no,no,no,no,no,no,no,no,yes,no,no,no,no,no,no,no,yes,no,no,no,no,no,no,no,no,yes,no,no,no,no,yes,yes,no,no,no,no,no,no,no,no,yes,no,no,no,yes,no,no,no,no,no,no,yes,no,no,no,no,yes,Ramoloss
no,no,no,no,no,no,no,no,no,no,no,no,no,no,no,no,no,no,yes,no,no,no,no,no,no,no,yes,no,no,no,no,no,no,no,no,yes,no,no,no,no,yes,yes,no,no,no,no,no,no,no,no,yes,no,no,no,yes,no,no,no,no,no,no,yes,no,no,no,yes,no,Flagadoss
no,no,no,no,no,no,no,no,no,no,no,no,no,no,no,no,no,no,no,no,no,no,no,no,no,no,no,no,no,no,yes,no,no,no,no,no,no,no,no,no,yes,yes,no,no,no,no,no,no,no,no,no,yes,no,no,no,no,yes,no,no,no,no,no,no,yes,yes,no,yes,Magneti
no,no,no,no,no,no,no,no,no,no,no,no,no,no,no,no,no,no,no,no,no,no,no,no,no,no,no,no,no,no,yes,no,no,no,no,no,no,no,no,no,yes,yes,no,no,no,no,no,no,no,no,no,yes,no,no,no,no,yes,no,no,no,no,no,no,yes,yes,yes,no,Magneton
no,no,no,no,no,no,yes,no,no,no,no,no,no,no,no,yes,no,yes,no,no,no,no,no,no,no,no,no,no,no,no,no,no,no,no,no,no,no,no,yes,no,yes,yes,no,no,no,no,no,yes,no,no,no,no,yes,no,no,no,no,no,no,no,no,no,yes,no,yes,no,no,Canarticho
no,no,no,no,no,no,no,no,no,no,no,no,no,no,no,no,no,yes,no,no,no,no,no,no,no,no,no,no,no,no,no,no,no,no,no,no,no,no,yes,no,yes,yes,no,no,no,no,no,yes,no,no,no,no,yes,no,no,no,no,no,no,no,no,no,yes,no,yes,no,yes,Doduo
no,no,no,no,no,no,no,no,no,no,no,no,no,no,no,no,no,yes,no,no,no,no,no,no,no,no,no,no,no,no,no,no,no,no,no,no,no,no,yes,no,yes,yes,no,no,no,no,no,yes,no,no,no,no,yes,no,no,no,no,no,no,no,no,no,yes,no,yes,yes,no,Dodrio
no,no,no,no,no,no,no,no,no,no,no,no,no,no,no,no,no,no,no,no,no,no,no,no,no,no,yes,no,no,no,no,no,no,no,no,no,no,no,no,no,yes,yes,no,no,no,no,yes,no,no,no,no,no,no,no,no,no,no,no,no,yes,no,no,no,yes,no,no,yes,Otaria
no,no,no,no,no,no,no,no,no,no,no,no,no,no,no,no,no,no,no,no,no,no,no,no,no,no,yes,no,no,no,no,no,no,no,no,no,yes,no,no,no,yes,no,yes,no,no,no,yes,no,no,no,no,no,no,no,no,no,no,no,no,yes,no,no,no,yes,no,yes,no,Lamantine
no,no,no,no,no,no,no,no,no,no,no,no,no,no,no,no,no,no,no,no,no,no,no,no,no,no,no,no,no,yes,no,no,no,no,no,no,no,no,no,no,yes,yes,no,no,no,no,no,no,no,yes,no,no,no,no,no,no,no,no,yes,no,no,no,no,yes,yes,no,yes,Tadmorv
no,no,no,no,no,no,no,no,no,no,no,no,no,no,no,no,no,no,no,no,no,no,no,no,no,no,no,no,no,yes,no,no,no,no,no,no,no,no,no,no,yes,yes,no,no,no,no,no,no,no,yes,no,no,no,no,no,no,no,no,yes,no,no,no,no,yes,yes,yes,no,Grotadmorv
no,no,no,no,no,no,no,no,no,no,no,no,no,no,no,no,no,no,no,no,no,no,no,no,no,no,yes,no,no,no,no,no,no,no,no,no,no,no,no,no,yes,yes,no,no,no,no,no,no,no,yes,no,no,no,no,no,no,no,no,no,yes,no,no,no,yes,no,no,yes,Kokiyas
no,no,no,no,no,no,no,no,no,no,no,no,no,no,no,no,no,no,no,no,yes,no,no,no,no,no,yes,no,no,no,no,no,no,no,no,no,yes,no,no,no,yes,no,yes,no,no,no,no,no,no,yes,no,no,no,no,no,no,no,no,no,yes,no,no,no,yes,no,yes,no,Crustabri
no,no,no,no,no,no,no,no,no,no,no,no,no,no,no,no,no,yes,no,no,no,no,no,no,no,no,no,no,no,yes,no,no,no,no,yes,no,no,no,no,no,yes,yes,no,no,no,no,no,no,no,yes,no,no,no,no,no,no,no,yes,no,no,no,no,no,yes,yes,no,yes,Fantominus
no,no,no,no,no,no,no,no,no,no,no,no,no,no,no,no,no,yes,no,no,no,no,no,no,no,no,no,no,no,yes,no,no,no,no,yes,no,no,no,no,no,yes,yes,no,no,no,no,no,no,no,yes,no,no,no,no,no,no,no,yes,no,no,no,no,no,yes,yes,yes,yes,Spectrum
no,no,no,no,no,no,no,no,no,no,no,no,no,no,no,no,no,yes,no,no,no,no,no,no,no,no,no,no,no,yes,no,no,no,no,yes,no,no,no,no,no,yes,yes,no,no,no,no,no,no,no,yes,no,no,no,no,no,no,no,yes,no,no,no,no,no,yes,yes,yes,no,Ectoplasma
no,no,no,no,no,no,no,no,no,no,no,no,no,no,no,no,no,no,no,no,no,no,no,no,no,no,no,no,no,no,no,yes,yes,no,no,no,no,no,no,no,yes,no,yes,no,no,no,no,no,no,no,no,yes,no,no,no,no,no,yes,no,no,no,no,no,yes,yes,no,no,Onix
no,no,no,no,no,no,no,no,no,no,no,yes,no,no,no,no,yes,no,no,no,no,no,no,no,no,no,no,no,no,no,no,no,no,no,no,yes,no,no,no,no,yes,yes,no,no,no,no,no,no,yes,no,no,no,yes,no,no,no,no,no,no,no,no,yes,no,no,yes,no,yes,Soporifik
no,no,no,no,no,no,no,no,no,no,no,yes,no,no,no,no,yes,no,no,no,no,no,no,no,no,no,no,no,no,no,no,no,no,no,no,yes,no,no,no,no,yes,yes,no,no,no,no,no,no,yes,no,no,no,yes,no,no,no,no,no,no,no,no,yes,no,no,yes,yes,no,Hypnomade
no,no,no,no,no,no,no,no,no,no,no,no,no,yes,no,no,no,no,no,no,yes,no,no,no,no,no,yes,no,no,no,no,no,no,no,no,no,no,no,no,no,yes,yes,no,no,yes,no,no,no,no,no,no,no,no,no,yes,no,no,no,no,no,no,yes,no,no,yes,no,yes,Krabby
no,no,no,no,no,no,no,no,no,no,no,no,no,yes,no,no,no,no,no,no,yes,no,no,no,no,no,yes,no,no,no,no,no,no,no,no,no,no,no,no,no,yes,yes,no,no,yes,no,no,no,no,no,no,no,no,no,yes,no,no,no,no,no,no,yes,no,no,yes,yes,no,Krabboss
no,no,no,no,no,no,no,no,no,no,no,no,no,no,no,no,no,no,no,no,no,no,no,no,no,no,no,no,no,no,yes,no,no,no,no,no,no,no,no,no,yes,yes,no,no,yes,no,no,no,no,no,no,no,no,no,no,no,no,no,yes,no,no,no,no,yes,yes,no,yes,Voltorbe
no,no,no,no,no,no,no,no,no,no,no,no,no,no,no,no,no,no,no,no,no,no,no,no,no,no,no,no,no,no,yes,no,no,no,no,no,no,no,no,no,yes,yes,no,no,yes,no,no,no,no,no,no,no,no,no,no,no,no,no,yes,no,no,no,no,yes,yes,yes,no,electrode
no,no,no,no,yes,no,no,no,no,no,no,no,no,no,no,no,no,no,no,no,no,no,no,no,yes,no,no,no,no,no,no,no,no,no,no,yes,no,no,no,no,yes,yes,no,no,no,no,no,no,no,no,yes,no,no,no,no,yes,no,no,no,no,no,no,no,yes,yes,no,yes,Neuneuf
no,no,no,no,yes,no,no,no,no,no,no,no,no,no,no,no,no,no,no,no,no,no,no,no,yes,no,no,no,no,no,no,no,no,no,no,yes,no,no,no,no,yes,no,yes,no,no,no,no,no,yes,no,no,no,no,no,no,yes,no,no,no,no,no,no,yes,no,yes,yes,no,Noadkoko
no,no,no,no,no,no,no,no,no,no,no,no,no,no,no,no,no,no,no,no,no,no,no,no,no,no,no,no,no,no,no,yes,no,no,no,no,no,no,no,no,yes,yes,no,no,no,no,no,yes,no,no,no,no,no,yes,no,no,no,no,no,no,no,yes,no,no,yes,no,yes,Osselait
no,no,no,no,no,no,no,no,no,no,no,no,no,no,no,no,no,no,no,no,no,no,no,no,no,no,no,no,no,no,no,yes,no,no,no,no,no,no,no,no,yes,yes,no,no,no,no,no,yes,no,no,no,no,no,yes,no,no,no,no,no,no,no,yes,no,no,yes,yes,no,Ossatueur
no,no,no,no,no,no,no,no,no,no,no,no,no,no,no,no,no,no,no,no,no,no,no,no,no,no,no,no,no,no,no,no,yes,no,no,no,no,no,no,no,yes,yes,no,no,no,no,no,yes,no,no,no,no,no,no,no,no,no,no,yes,no,no,yes,no,no,yes,no,yes,Kicklee
no,no,no,no,no,no,no,no,no,no,no,no,no,no,no,no,no,no,no,no,no,no,yes,no,no,no,no,no,no,no,no,no,yes,no,no,no,no,no,no,no,yes,yes,no,no,no,no,no,yes,no,no,no,no,no,no,no,no,no,no,yes,no,no,yes,no,no,yes,yes,no,Tygnon
no,no,no,no,no,no,no,no,no,no,no,no,no,no,no,no,no,no,yes,no,no,no,no,no,no,no,no,no,yes,no,no,no,no,no,no,no,no,no,no,no,yes,yes,no,no,no,no,no,no,no,no,yes,no,yes,no,no,no,no,no,no,no,no,yes,no,no,yes,no,no,Excelangue
no,no,no,no,no,no,no,no,no,no,no,no,no,no,no,no,no,yes,no,no,no,no,no,no,no,no,no,no,no,yes,no,no,no,no,no,no,no,no,no,no,yes,yes,no,no,no,no,no,no,no,yes,no,no,no,no,no,no,no,no,yes,no,no,no,no,yes,yes,no,yes,Smogo
no,no,no,no,no,no,no,no,no,no,no,no,no,no,no,no,no,yes,no,no,no,no,no,no,no,no,no,no,no,yes,no,no,no,no,no,no,no,no,no,no,yes,yes,no,no,no,no,no,no,no,yes,no,no,no,no,no,no,no,no,yes,no,no,no,no,yes,yes,yes,no,Smogogo
no,no,no,no,no,no,no,no,no,no,no,no,no,no,no,no,no,no,no,no,no,no,no,no,no,no,no,no,no,no,no,yes,no,yes,no,no,no,no,no,no,yes,no,yes,no,no,no,no,no,no,no,no,yes,no,no,no,no,yes,no,no,no,no,yes,no,no,yes,no,yes,Rhinocorne
no,no,no,no,no,no,no,no,no,no,no,no,no,no,no,no,no,no,no,no,no,no,no,no,no,no,no,no,no,no,no,yes,no,yes,no,no,no,no,no,no,yes,no,yes,no,no,no,no,no,no,no,no,yes,no,no,no,no,yes,no,no,no,no,yes,no,no,yes,yes,no,Rhinoferos
no,no,no,no,no,no,no,no,no,no,no,no,no,no,no,no,no,no,no,no,no,no,no,no,no,no,no,no,yes,no,no,no,no,no,no,no,no,no,no,no,yes,yes,no,no,no,no,no,no,no,no,no,no,no,no,no,no,no,no,yes,no,no,yes,no,no,yes,no,no,Leveinard
no,no,no,no,yes,no,no,no,no,no,no,no,no,no,no,no,no,no,no,no,no,no,no,no,yes,no,no,no,no,no,no,no,no,no,no,no,no,no,no,no,yes,yes,no,no,no,yes,no,no,no,no,no,no,yes,no,no,no,no,no,no,no,no,no,yes,no,yes,no,no,Saquedeneu
no,no,no,no,no,no,no,no,no,no,no,no,no,no,no,no,no,no,no,no,no,no,no,no,no,no,no,no,yes,no,no,no,no,no,no,no,no,no,no,no,yes,yes,no,no,no,no,no,yes,no,no,no,no,yes,no,no,no,no,no,no,no,no,yes,no,no,yes,no,no,Kangourex
no,no,no,no,no,no,no,no,no,no,no,no,no,no,no,no,no,no,no,no,no,no,no,no,no,no,yes,no,no,no,no,no,no,no,no,no,no,no,no,no,yes,yes,no,no,no,yes,no,no,no,no,no,no,no,no,no,no,no,no,no,yes,no,no,no,yes,no,no,yes,Hypotrempe
no,no,no,no,no,no,no,no,no,no,no,no,no,no,no,no,no,no,no,no,no,no,no,no,no,no,yes,no,no,no,no,no,no,no,no,no,no,no,no,no,yes,yes,no,no,no,yes,no,no,no,no,no,no,no,no,no,no,no,no,no,yes,no,no,no,yes,no,yes,no,Hypocean
no,no,no,no,no,no,no,no,no,no,no,no,no,no,no,no,no,no,no,no,no,no,no,no,no,no,yes,no,no,no,no,no,no,no,no,no,no,no,no,no,yes,yes,no,no,yes,no,no,no,no,no,no,no,no,no,yes,no,no,no,no,no,no,no,no,yes,no,no,yes,Poissirene
no,no,no,no,no,no,no,no,no,no,no,no,no,no,no,no,no,no,no,no,no,no,no,no,no,no,yes,no,no,no,no,no,no,no,no,no,no,no,no,no,yes,yes,no,no,yes,no,no,no,no,no,no,no,no,no,yes,no,no,no,no,no,no,no,no,yes,no,yes,no,Poissoroy
no,no,no,no,no,no,no,no,no,no,no,no,no,no,yes,no,no,no,no,no,no,no,no,no,no,no,yes,no,no,no,no,no,no,no,no,no,no,no,no,no,yes,yes,no,no,no,no,no,yes,no,no,no,no,no,no,no,no,no,no,no,yes,no,no,no,yes,no,no,yes,Stari
no,no,no,no,no,no,no,no,no,no,no,no,no,no,yes,no,no,no,no,no,no,no,no,no,no,no,yes,no,no,no,no,no,no,no,no,yes,no,no,no,no,yes,yes,no,no,no,no,no,no,no,yes,no,no,no,no,no,no,no,no,no,yes,no,no,no,yes,no,yes,no,Staross
no,no,no,no,no,no,no,no,no,no,no,no,no,no,no,no,no,no,no,no,no,no,no,no,no,no,no,no,no,no,no,no,no,no,no,no,no,no,no,no,yes,yes,no,no,no,no,no,no,no,no,yes,no,no,no,no,no,no,no,yes,no,no,yes,no,no,yes,no,no,M. Mime
no,no,no,no,no,no,no,no,no,no,no,no,no,yes,no,no,no,no,no,no,no,no,no,no,no,no,no,yes,no,no,no,no,no,no,no,no,no,no,yes,no,yes,yes,no,yes,no,no,no,no,no,no,no,no,yes,no,no,no,no,no,no,no,no,no,yes,no,yes,no,no,Insecateur
no,no,no,no,no,no,no,no,no,no,no,no,no,no,no,no,no,no,no,no,no,no,no,no,no,no,no,no,no,no,no,no,no,no,no,yes,yes,no,no,no,yes,yes,no,no,yes,no,no,no,no,no,no,no,no,no,no,no,no,no,yes,no,no,yes,no,no,yes,no,no,Lippoutou
no,no,no,no,no,no,no,no,no,no,no,no,no,no,no,no,no,no,no,no,no,no,no,no,no,no,no,no,no,no,yes,no,no,no,no,no,no,no,no,no,yes,yes,no,no,no,no,no,no,yes,no,no,no,yes,no,no,no,no,no,no,no,no,yes,no,no,yes,no,no,elektek
no,no,no,no,no,no,no,no,no,no,no,no,no,no,no,no,no,no,no,no,no,no,no,no,no,yes,no,no,no,no,no,no,no,no,no,no,no,no,no,no,yes,yes,no,no,no,no,no,no,no,no,no,no,no,yes,no,no,no,no,no,no,no,yes,no,no,yes,no,no,Magmar
no,no,no,no,no,no,no,no,no,no,no,no,no,yes,no,no,no,no,no,no,no,no,no,no,no,no,no,yes,no,no,no,no,no,no,no,no,no,no,no,no,yes,yes,no,no,no,no,no,yes,no,no,no,no,no,no,no,yes,no,no,no,no,no,yes,no,no,yes,no,no,Scarabrute
yes,no,no,no,no,no,no,no,no,no,no,no,no,no,no,no,no,no,no,no,no,no,no,no,no,no,no,no,yes,no,no,no,no,no,no,no,no,no,no,no,yes,yes,no,no,no,no,no,yes,no,no,no,no,yes,no,no,no,no,no,no,no,no,yes,no,no,yes,no,no,Tauros
no,no,no,no,no,no,no,no,no,no,no,no,no,no,no,no,no,no,no,no,no,no,no,no,no,no,yes,no,no,no,no,no,no,no,no,no,no,no,no,no,yes,yes,no,no,yes,no,no,no,no,no,no,no,no,no,yes,no,no,no,no,no,no,no,no,yes,no,no,yes,Magicarpe
no,no,no,no,no,no,no,no,no,no,no,no,no,no,no,no,no,no,no,no,no,no,no,no,no,no,yes,no,no,no,no,no,no,no,no,no,no,no,yes,no,yes,no,yes,no,no,yes,no,no,no,no,no,no,no,no,yes,no,no,no,no,no,no,no,no,yes,no,yes,no,Leviator
no,no,no,no,no,no,no,no,no,no,no,no,no,no,no,no,no,no,no,no,yes,no,no,no,no,no,yes,no,no,no,no,no,no,no,no,no,no,no,no,no,yes,no,yes,no,no,yes,no,no,no,no,no,no,no,no,no,no,no,no,no,yes,no,yes,no,no,no,no,no,Lokhlass
no,no,no,no,no,no,no,no,no,no,no,no,no,no,no,no,no,no,no,no,no,no,no,no,no,no,no,no,yes,no,no,no,no,no,no,no,no,no,no,no,yes,yes,no,no,no,no,no,no,no,yes,no,no,no,no,no,no,no,no,yes,no,no,no,no,yes,yes,no,no,Metamorph
no,no,no,no,no,no,no,no,no,no,no,no,no,no,no,no,no,no,no,no,no,no,no,no,no,no,no,no,yes,no,no,no,no,no,no,no,no,no,no,no,yes,yes,no,no,no,no,no,yes,no,no,no,no,no,no,no,no,no,no,yes,no,no,yes,no,no,yes,no,yes,evoli
no,no,no,no,no,no,no,no,no,no,no,no,no,no,no,no,no,no,no,no,no,no,no,no,no,no,yes,no,no,no,no,no,no,no,no,no,no,no,no,no,yes,yes,no,no,no,yes,no,no,no,no,no,no,no,no,no,no,no,no,yes,no,no,no,yes,no,no,yes,yes,Aquali
no,no,no,no,no,no,no,no,no,no,no,no,no,no,no,no,no,no,no,no,no,no,no,no,no,no,no,no,no,no,yes,no,no,no,no,no,no,no,no,no,yes,yes,no,no,no,no,no,no,yes,no,no,no,no,no,no,no,no,no,yes,no,no,yes,no,no,yes,yes,yes,Voltali
no,no,no,no,no,no,no,no,no,no,no,no,no,no,no,no,no,no,no,no,no,no,no,no,no,yes,no,no,no,no,no,no,no,no,no,no,no,no,no,no,yes,yes,no,no,yes,no,no,no,no,no,no,no,no,no,no,no,no,no,yes,no,no,yes,no,no,yes,yes,no,Pyroli
no,no,no,no,no,no,no,no,no,no,no,no,no,no,no,no,no,no,no,no,no,no,no,no,no,no,no,no,yes,no,no,no,no,no,no,no,no,no,no,no,yes,yes,no,no,no,no,no,no,no,no,yes,no,no,no,no,no,no,no,yes,no,no,no,yes,no,yes,no,no,Porygon
no,no,no,no,no,no,no,no,no,no,no,no,no,no,no,no,no,no,no,no,yes,no,no,no,no,no,yes,no,no,no,no,no,no,yes,no,no,no,no,no,no,yes,yes,no,no,no,yes,no,no,no,no,no,no,no,no,no,no,no,no,no,yes,no,no,no,yes,no,no,yes,Amonita
no,no,no,no,no,no,no,no,no,no,no,no,no,no,no,no,no,no,no,no,yes,no,no,no,no,no,yes,no,no,no,no,no,no,yes,no,no,no,no,no,no,yes,yes,no,no,no,yes,no,no,no,no,no,no,no,no,no,no,no,no,no,yes,no,no,no,yes,no,yes,no,Amonistar
no,no,yes,no,no,no,no,no,no,no,no,no,no,no,no,no,no,no,no,no,no,no,no,no,no,no,yes,no,no,no,no,no,no,yes,no,no,no,no,no,no,yes,yes,no,no,no,no,no,yes,no,no,no,no,no,no,no,no,no,no,no,yes,no,yes,no,no,no,no,yes,Kabuto
no,no,yes,no,no,no,no,no,no,no,no,no,no,no,no,no,no,no,no,no,no,no,no,no,no,no,yes,no,no,no,no,no,no,yes,no,no,no,no,no,no,yes,yes,no,no,no,no,no,yes,no,no,no,no,no,no,no,no,no,no,no,yes,no,no,yes,no,no,yes,no,Kabutops
no,no,no,no,no,no,no,no,no,no,no,no,no,no,no,no,no,no,no,no,no,no,no,no,no,no,no,no,no,no,no,no,no,yes,no,no,no,no,yes,no,yes,yes,no,no,no,no,no,no,no,yes,no,no,no,yes,no,no,no,no,no,no,no,no,yes,no,yes,no,no,Ptera
no,no,no,no,no,no,no,no,no,no,no,no,no,no,no,no,no,no,no,no,no,no,no,no,no,no,no,no,yes,no,no,no,no,no,no,no,no,no,no,no,yes,no,yes,yes,no,no,yes,no,no,no,no,no,no,yes,no,no,no,no,no,no,no,yes,no,no,yes,no,no,Ronflex
no,no,no,no,no,no,no,no,no,no,no,no,no,no,no,no,no,yes,no,yes,no,no,no,no,no,no,no,no,no,no,no,no,no,no,no,no,yes,no,yes,no,yes,yes,no,no,no,yes,no,no,no,no,no,no,no,no,no,no,no,no,no,no,yes,no,yes,no,yes,no,no,Artikodin
no,no,no,no,no,no,no,no,no,no,no,no,no,no,no,no,no,yes,no,yes,no,no,no,no,no,no,no,no,no,no,yes,no,no,no,no,no,no,no,yes,no,yes,yes,no,no,no,no,no,no,yes,no,no,no,no,no,no,no,no,no,no,no,yes,no,yes,no,yes,no,no,electhor
no,no,no,no,no,no,no,no,no,no,no,no,no,no,no,no,no,yes,no,yes,no,no,no,no,no,yes,no,no,no,no,no,no,no,no,no,no,no,no,yes,no,yes,yes,no,no,no,no,no,no,yes,no,no,no,no,no,no,no,no,no,no,no,yes,no,yes,no,yes,no,no,Sulfura
no,no,no,no,no,no,no,no,no,no,no,no,no,no,no,no,no,no,no,no,no,yes,no,no,no,no,no,no,no,no,no,no,no,no,no,no,no,yes,no,no,yes,yes,no,no,no,yes,no,no,no,no,no,no,no,no,yes,no,no,no,no,no,no,no,no,yes,no,no,yes,Minidraco
no,no,no,no,no,no,no,no,no,no,no,no,no,no,no,no,no,no,no,no,no,yes,no,no,no,no,no,no,no,no,no,no,no,no,no,no,no,yes,no,no,yes,yes,no,no,no,yes,no,no,no,no,no,no,no,no,yes,no,no,no,no,no,no,no,no,yes,yes,yes,yes,Draco
no,no,no,no,no,no,no,no,no,no,no,no,no,no,no,yes,no,no,no,no,no,no,no,no,no,no,no,no,no,no,no,no,no,no,no,no,no,yes,yes,no,yes,no,yes,no,no,no,no,yes,no,no,no,no,no,no,yes,no,no,no,no,no,no,yes,no,no,yes,yes,no,Dracolosse
no,no,no,no,no,no,no,no,no,no,no,no,no,no,no,no,no,no,no,yes,no,no,no,no,no,no,no,no,no,no,no,no,no,no,no,yes,no,no,no,no,yes,no,yes,no,no,no,no,no,no,yes,no,no,no,no,no,no,no,no,no,no,yes,yes,no,no,yes,no,no,Mewtwo
no,no,no,no,no,no,no,no,no,no,no,no,no,no,no,no,no,yes,no,no,no,no,no,no,no,no,no,no,no,no,no,no,no,no,no,yes,no,no,no,no,yes,yes,no,no,no,no,no,no,no,no,yes,no,no,no,no,no,no,no,no,no,yes,yes,no,no,yes,no,no,Mew
